<variables>
  <variable name="child_id" valueType="integer" entityType="Participant" unit="numeric" mimeType="" referencedEntityType="" index="1">
    <attributes>
      <attribute name="label" valueType="text" locale="en">child id</attribute>
    </attributes>
  </variable>
  <variable name="mother_id" valueType="integer" entityType="Participant" unit="numeric" mimeType="" referencedEntityType="" index="2">
    <attributes>
      <attribute name="label" valueType="text" locale="en">Mother identifier</attribute>
    </attributes>
  </variable>
  <variable name="preg_no" valueType="integer" entityType="Participant" unit="numeric" mimeType="" referencedEntityType="" index="3">
    <attributes>
      <attribute name="label" valueType="text" locale="en">Pregnancy number</attribute>
    </attributes>
  </variable>
  <variable name="child_no" valueType="integer" entityType="Participant" unit="numeric" mimeType="" referencedEntityType="" index="4">
    <attributes>
      <attribute name="label" valueType="text" locale="en">Child number</attribute>
    </attributes>
  </variable>
  <variable name="cohort_id" valueType="integer" entityType="Participant" unit="numeric" mimeType="" referencedEntityType="" index="5">
    <attributes>
      <attribute name="label" valueType="text" locale="en">cohort id</attribute>
    </attributes>
    <categories>
      <category name="101">
        <attributes>
          <attribute name="label" valueType="text" locale="en">Gen R</attribute>
        </attributes>
      </category>
      <category name="102">
        <attributes>
          <attribute name="label" valueType="text" locale="en">INMA</attribute>
        </attributes>
      </category>
      <category name="103">
        <attributes>
          <attribute name="label" valueType="text" locale="en">NINFEA</attribute>
        </attributes>
      </category>
      <category name="104">
        <attributes>
          <attribute name="label" valueType="text" locale="en">SWS</attribute>
        </attributes>
      </category>
      <category name="105">
        <attributes>
          <attribute name="label" valueType="text" locale="en">ALSPAC</attribute>
        </attributes>
      </category>
      <category name="106">
        <attributes>
          <attribute name="label" valueType="text" locale="en">DNBC</attribute>
        </attributes>
      </category>
      <category name="107">
        <attributes>
          <attribute name="label" valueType="text" locale="en">BIB</attribute>
        </attributes>
      </category>
      <category name="108">
        <attributes>
          <attribute name="label" valueType="text" locale="en">GECKO</attribute>
        </attributes>
      </category>
      <category name="109">
        <attributes>
          <attribute name="label" valueType="text" locale="en">RHEA</attribute>
        </attributes>
      </category>
      <category name="110">
        <attributes>
          <attribute name="label" valueType="text" locale="en">MOBA</attribute>
        </attributes>
      </category>
      <category name="111">
        <attributes>
          <attribute name="label" valueType="text" locale="en">ELFE</attribute>
        </attributes>
      </category>
      <category name="112">
        <attributes>
          <attribute name="label" valueType="text" locale="en">EDEN</attribute>
        </attributes>
      </category>
      <category name="113">
        <attributes>
          <attribute name="label" valueType="text" locale="en">NFBC66</attribute>
        </attributes>
      </category>
      <category name="114">
        <attributes>
          <attribute name="label" valueType="text" locale="en">NFBC86</attribute>
        </attributes>
      </category>
      <category name="115">
        <attributes>
          <attribute name="label" valueType="text" locale="en">HBCS</attribute>
        </attributes>
      </category>
      <category name="116">
        <attributes>
          <attribute name="label" valueType="text" locale="en">CHOP</attribute>
        </attributes>
      </category>
      <category name="117">
        <attributes>
          <attribute name="label" valueType="text" locale="en">RAINE</attribute>
        </attributes>
      </category>
      <category name="118">
        <attributes>
          <attribute name="label" valueType="text" locale="en">RUG</attribute>
        </attributes>
      </category>
    </categories>
  </variable>
  <variable name="coh_country" valueType="integer" entityType="Participant" unit="numeric" mimeType="" referencedEntityType="" index="6">
    <attributes>
      <attribute name="label" valueType="text" locale="en">country of cohort</attribute>
    </attributes>
    <categories>
      <category name="36">
        <attributes>
          <attribute name="label" valueType="text" locale="en">Australia</attribute>
        </attributes>
      </category>
      <category name="208">
        <attributes>
          <attribute name="label" valueType="text" locale="en">Denmark</attribute>
        </attributes>
      </category>
      <category name="246">
        <attributes>
          <attribute name="label" valueType="text" locale="en">Finland</attribute>
        </attributes>
      </category>
      <category name="250">
        <attributes>
          <attribute name="label" valueType="text" locale="en">France</attribute>
        </attributes>
      </category>
      <category name="276">
        <attributes>
          <attribute name="label" valueType="text" locale="en">Germany</attribute>
        </attributes>
      </category>
      <category name="300">
        <attributes>
          <attribute name="label" valueType="text" locale="en">Greece</attribute>
        </attributes>
      </category>
      <category name="380">
        <attributes>
          <attribute name="label" valueType="text" locale="en">Italy</attribute>
        </attributes>
      </category>
      <category name="528">
        <attributes>
          <attribute name="label" valueType="text" locale="en">Netherlands</attribute>
        </attributes>
      </category>
      <category name="578">
        <attributes>
          <attribute name="label" valueType="text" locale="en">Norway</attribute>
        </attributes>
      </category>
      <category name="724">
        <attributes>
          <attribute name="label" valueType="text" locale="en">Spain</attribute>
        </attributes>
      </category>
      <category name="826">
        <attributes>
          <attribute name="label" valueType="text" locale="en">UnitedKingdom</attribute>
        </attributes>
      </category>
    </categories>
  </variable>
  <variable name="cob_m" valueType="integer" entityType="Participant" unit="numeric" mimeType="" referencedEntityType="" index="7">
    <attributes>
      <attribute name="label" valueType="text" locale="en">maternal country of birth</attribute>
    </attributes>
    <categories>
      <category name="0">
        <attributes>
          <attribute name="label" valueType="text" locale="en">Born in country of cohort </attribute>
        </attributes>
      </category>
      <category name="1">
        <attributes>
          <attribute name="label" valueType="text" locale="en">Born in EU country (outside cohort country)</attribute>
        </attributes>
      </category>
      <category name="2">
        <attributes>
          <attribute name="label" valueType="text" locale="en">Born in other country </attribute>
        </attributes>
      </category>
    </categories>
  </variable>
  <variable name="ethn1_m" valueType="integer" entityType="Participant" unit="numeric" mimeType="" referencedEntityType="" index="8">
    <attributes>
      <attribute name="label" valueType="text" locale="en">maternal ethnicity (country of origin)</attribute>
    </attributes>
    <categories>
      <category name="1">
        <attributes>
          <attribute name="label" valueType="text" locale="en">western</attribute>
        </attributes>
      </category>
      <category name="2">
        <attributes>
          <attribute name="label" valueType="text" locale="en">non-western</attribute>
        </attributes>
      </category>
      <category name="3">
        <attributes>
          <attribute name="label" valueType="text" locale="en">mixed</attribute>
        </attributes>
      </category>
    </categories>
  </variable>
  <variable name="ethn2_m" valueType="integer" entityType="Participant" unit="numeric" mimeType="" referencedEntityType="" index="9">
    <attributes>
      <attribute name="label" valueType="text" locale="en">maternal ethnicity (colour)</attribute>
    </attributes>
    <categories>
      <category name="1">
        <attributes>
          <attribute name="label" valueType="text" locale="en">white (Caucasian)</attribute>
        </attributes>
      </category>
      <category name="2">
        <attributes>
          <attribute name="label" valueType="text" locale="en">non-white (non-Caucasian)</attribute>
        </attributes>
      </category>
      <category name="3">
        <attributes>
          <attribute name="label" valueType="text" locale="en">mixed</attribute>
        </attributes>
      </category>
    </categories>
  </variable>
  <variable name="ethn3_m" valueType="integer" entityType="Participant" unit="numeric" mimeType="" referencedEntityType="" index="10">
    <attributes>
      <attribute name="label" valueType="text" locale="en">maternal ethnicity (best estimate)</attribute>
    </attributes>
    <categories>
      <category name="1">
        <attributes>
          <attribute name="label" valueType="text" locale="en">western</attribute>
        </attributes>
      </category>
      <category name="2">
        <attributes>
          <attribute name="label" valueType="text" locale="en">non-western</attribute>
        </attributes>
      </category>
      <category name="3">
        <attributes>
          <attribute name="label" valueType="text" locale="en">mixed</attribute>
        </attributes>
      </category>
    </categories>
  </variable>
  <variable name="agebirth_m_y" valueType="integer" entityType="Participant" unit="years" mimeType="" referencedEntityType="" index="11">
    <attributes>
      <attribute name="label" valueType="text" locale="en">maternal age at birth (years)</attribute>
    </attributes>
  </variable>
  <variable name="agebirth_m_d" valueType="integer" entityType="Participant" unit="days" mimeType="" referencedEntityType="" index="12">
    <attributes>
      <attribute name="label" valueType="text" locale="en">maternal age at birth (days)</attribute>
    </attributes>
  </variable>
  <variable name="death_m" valueType="integer" entityType="Participant" unit="numeric" mimeType="" referencedEntityType="" index="13">
    <attributes>
      <attribute name="label" valueType="text" locale="en">maternal death </attribute>
    </attributes>
    <categories>
      <category name="0">
        <attributes>
          <attribute name="label" valueType="text" locale="en">no </attribute>
        </attributes>
      </category>
      <category name="1">
        <attributes>
          <attribute name="label" valueType="text" locale="en">yes </attribute>
        </attributes>
      </category>
    </categories>
  </variable>
  <variable name="death_m_age" valueType="integer" entityType="Participant" unit="days" mimeType="" referencedEntityType="" index="14">
    <attributes>
      <attribute name="label" valueType="text" locale="en">age of child at death of the mother</attribute>
    </attributes>
  </variable>
  <variable name="prepreg_weight" valueType="decimal" entityType="Participant" unit="kg" mimeType="" referencedEntityType="" index="15">
    <attributes>
      <attribute name="label" valueType="text" locale="en">pre-pregnancy weight</attribute>
    </attributes>
  </variable>
  <variable name="prepreg_weight_mes" valueType="integer" entityType="Participant" unit="numeric" mimeType="" referencedEntityType="" index="16">
    <attributes>
      <attribute name="label" valueType="text" locale="en">reported vs. measured pre-pregnancy weight </attribute>
    </attributes>
    <categories>
      <category name="0">
        <attributes>
          <attribute name="label" valueType="text" locale="en">self-reported </attribute>
        </attributes>
      </category>
      <category name="1">
        <attributes>
          <attribute name="label" valueType="text" locale="en">measured </attribute>
        </attributes>
      </category>
    </categories>
  </variable>
  <variable name="prepreg_weight_ga" valueType="integer" entityType="Participant" unit="days" mimeType="" referencedEntityType="" index="17">
    <attributes>
      <attribute name="label" valueType="text" locale="en">gestational age at measurement (prepreg_weight)</attribute>
    </attributes>
  </variable>
  <variable name="latepreg_weight" valueType="decimal" entityType="Participant" unit="kg" mimeType="" referencedEntityType="" index="18">
    <attributes>
      <attribute name="label" valueType="text" locale="en">late pregnancy weight</attribute>
    </attributes>
  </variable>
  <variable name="latepreg_weight_mes" valueType="integer" entityType="Participant" unit="numeric" mimeType="" referencedEntityType="" index="19">
    <attributes>
      <attribute name="label" valueType="text" locale="en">reported vs. measured late-pregnancy weight </attribute>
    </attributes>
    <categories>
      <category name="0">
        <attributes>
          <attribute name="label" valueType="text" locale="en">self-reported </attribute>
        </attributes>
      </category>
      <category name="1">
        <attributes>
          <attribute name="label" valueType="text" locale="en">measured </attribute>
        </attributes>
      </category>
    </categories>
  </variable>
  <variable name="latepreg_weight_ga" valueType="integer" entityType="Participant" unit="days" mimeType="" referencedEntityType="" index="20">
    <attributes>
      <attribute name="label" valueType="text" locale="en">gestational age at measurement (latepreg_weight)</attribute>
    </attributes>
  </variable>
  <variable name="preg_gain" valueType="decimal" entityType="Participant" unit="kg" mimeType="" referencedEntityType="" index="21">
    <attributes>
      <attribute name="label" valueType="text" locale="en">Maternal gestational weight gain</attribute>
    </attributes>
  </variable>
  <variable name="preg_gain_mes" valueType="integer" entityType="Participant" unit="numeric" mimeType="" referencedEntityType="" index="22">
    <attributes>
      <attribute name="label" valueType="text" locale="en">reported vs. measured weight gain</attribute>
    </attributes>
    <categories>
      <category name="0">
        <attributes>
          <attribute name="label" valueType="text" locale="en">self-reported </attribute>
        </attributes>
      </category>
      <category name="1">
        <attributes>
          <attribute name="label" valueType="text" locale="en">measured </attribute>
        </attributes>
      </category>
      <category name="2">
        <attributes>
          <attribute name="label" valueType="text" locale="en">pre-pregnancy weight measured and late-pregnancy weight reported </attribute>
        </attributes>
      </category>
      <category name="3">
        <attributes>
          <attribute name="label" valueType="text" locale="en">pre-pregnancy weight reported and late-pregnancy weight recorded</attribute>
        </attributes>
      </category>
    </categories>
  </variable>
  <variable name="height_m" valueType="decimal" entityType="Participant" unit="cm" mimeType="" referencedEntityType="" index="23">
    <attributes>
      <attribute name="label" valueType="text" locale="en">maternal height</attribute>
    </attributes>
  </variable>
  <variable name="height_mes_m" valueType="integer" entityType="Participant" unit="numeric" mimeType="" referencedEntityType="" index="24">
    <attributes>
      <attribute name="label" valueType="text" locale="en">reported vs. measured maternal height</attribute>
    </attributes>
    <categories>
      <category name="0">
        <attributes>
          <attribute name="label" valueType="text" locale="en">self-reported </attribute>
        </attributes>
      </category>
      <category name="1">
        <attributes>
          <attribute name="label" valueType="text" locale="en">measured </attribute>
        </attributes>
      </category>
    </categories>
  </variable>
  <variable name="prepreg_dia" valueType="integer" entityType="Participant" unit="numeric" mimeType="" referencedEntityType="" index="25">
    <attributes>
      <attribute name="label" valueType="text" locale="en">maternal history of diabetes</attribute>
    </attributes>
    <categories>
      <category name="1">
        <attributes>
          <attribute name="label" valueType="text" locale="en">No</attribute>
        </attributes>
      </category>
      <category name="2">
        <attributes>
          <attribute name="label" valueType="text" locale="en">TypeI</attribute>
        </attributes>
      </category>
      <category name="3">
        <attributes>
          <attribute name="label" valueType="text" locale="en">TypeII</attribute>
        </attributes>
      </category>
      <category name="4">
        <attributes>
          <attribute name="label" valueType="text" locale="en">Gestational diabetes</attribute>
        </attributes>
      </category>
      <category name="5">
        <attributes>
          <attribute name="label" valueType="text" locale="en">Other/unspecified</attribute>
        </attributes>
      </category>
    </categories>
  </variable>
  <variable name="preg_dia" valueType="integer" entityType="Participant" unit="numeric" mimeType="" referencedEntityType="" index="26">
    <attributes>
      <attribute name="label" valueType="text" locale="en">gestational diabetes</attribute>
    </attributes>
    <categories>
      <category name="0">
        <attributes>
          <attribute name="label" valueType="text" locale="en">no </attribute>
        </attributes>
      </category>
      <category name="1">
        <attributes>
          <attribute name="label" valueType="text" locale="en">yes </attribute>
        </attributes>
      </category>
    </categories>
  </variable>
  <variable name="preg_thyroid" valueType="integer" entityType="Participant" unit="numeric" mimeType="" referencedEntityType="" index="27">
    <attributes>
      <attribute name="label" valueType="text" locale="en">thyroid disorders during pregnancy </attribute>
    </attributes>
    <categories>
      <category name="0">
        <attributes>
          <attribute name="label" valueType="text" locale="en">no </attribute>
        </attributes>
      </category>
      <category name="1">
        <attributes>
          <attribute name="label" valueType="text" locale="en">yes </attribute>
        </attributes>
      </category>
    </categories>
  </variable>
  <variable name="preg_fever" valueType="integer" entityType="Participant" unit="numeric" mimeType="" referencedEntityType="" index="28">
    <attributes>
      <attribute name="label" valueType="text" locale="en">fever during pregnancy </attribute>
    </attributes>
    <categories>
      <category name="0">
        <attributes>
          <attribute name="label" valueType="text" locale="en">no </attribute>
        </attributes>
      </category>
      <category name="1">
        <attributes>
          <attribute name="label" valueType="text" locale="en">yes </attribute>
        </attributes>
      </category>
    </categories>
  </variable>
  <variable name="preeclam" valueType="integer" entityType="Participant" unit="numeric" mimeType="" referencedEntityType="" index="29">
    <attributes>
      <attribute name="label" valueType="text" locale="en">preeclampsia/HELLP syndrome </attribute>
    </attributes>
    <categories>
      <category name="0">
        <attributes>
          <attribute name="label" valueType="text" locale="en">no </attribute>
        </attributes>
      </category>
      <category name="1">
        <attributes>
          <attribute name="label" valueType="text" locale="en">yes </attribute>
        </attributes>
      </category>
    </categories>
  </variable>
  <variable name="preg_ht" valueType="integer" entityType="Participant" unit="numeric" mimeType="" referencedEntityType="" index="30">
    <attributes>
      <attribute name="label" valueType="text" locale="en">gestational hypertension </attribute>
    </attributes>
    <categories>
      <category name="0">
        <attributes>
          <attribute name="label" valueType="text" locale="en">no </attribute>
        </attributes>
      </category>
      <category name="1">
        <attributes>
          <attribute name="label" valueType="text" locale="en">yes </attribute>
        </attributes>
      </category>
    </categories>
  </variable>
  <variable name="asthma_m" valueType="integer" entityType="Participant" unit="numeric" mimeType="" referencedEntityType="" index="31">
    <attributes>
      <attribute name="label" valueType="text" locale="en">history of asthma </attribute>
    </attributes>
    <categories>
      <category name="0">
        <attributes>
          <attribute name="label" valueType="text" locale="en">no </attribute>
        </attributes>
      </category>
      <category name="1">
        <attributes>
          <attribute name="label" valueType="text" locale="en">yes </attribute>
        </attributes>
      </category>
    </categories>
  </variable>
  <variable name="prepreg_psych" valueType="integer" entityType="Participant" unit="numeric" mimeType="" referencedEntityType="" index="32">
    <attributes>
      <attribute name="label" valueType="text" locale="en">pre-pregnancy psychiatric disorders </attribute>
    </attributes>
    <categories>
      <category name="0">
        <attributes>
          <attribute name="label" valueType="text" locale="en">no </attribute>
        </attributes>
      </category>
      <category name="1">
        <attributes>
          <attribute name="label" valueType="text" locale="en">yes </attribute>
        </attributes>
      </category>
    </categories>
  </variable>
  <variable name="preg_psych" valueType="integer" entityType="Participant" unit="numeric" mimeType="" referencedEntityType="" index="33">
    <attributes>
      <attribute name="label" valueType="text" locale="en">psychiatric disorders during pregnancy </attribute>
    </attributes>
    <categories>
      <category name="0">
        <attributes>
          <attribute name="label" valueType="text" locale="en">no </attribute>
        </attributes>
      </category>
      <category name="1">
        <attributes>
          <attribute name="label" valueType="text" locale="en">yes </attribute>
        </attributes>
      </category>
    </categories>
  </variable>
  <variable name="ppd" valueType="integer" entityType="Participant" unit="numeric" mimeType="" referencedEntityType="" index="34">
    <attributes>
      <attribute name="label" valueType="text" locale="en">post-partum depression</attribute>
    </attributes>
    <categories>
      <category name="0">
        <attributes>
          <attribute name="label" valueType="text" locale="en">no </attribute>
        </attributes>
      </category>
      <category name="1">
        <attributes>
          <attribute name="label" valueType="text" locale="en">yes </attribute>
        </attributes>
      </category>
    </categories>
  </variable>
  <variable name="prepreg_smk" valueType="integer" entityType="Participant" unit="numeric" mimeType="" referencedEntityType="" index="35">
    <attributes>
      <attribute name="label" valueType="text" locale="en">smoking before pregnancy</attribute>
    </attributes>
    <categories>
      <category name="0">
        <attributes>
          <attribute name="label" valueType="text" locale="en">no </attribute>
        </attributes>
      </category>
      <category name="1">
        <attributes>
          <attribute name="label" valueType="text" locale="en">yes </attribute>
        </attributes>
      </category>
    </categories>
  </variable>
  <variable name="prepreg_cig" valueType="integer" entityType="Participant" unit="numeric" mimeType="" referencedEntityType="" index="36">
    <attributes>
      <attribute name="label" valueType="text" locale="en">cigarettes before pregnancy</attribute>
    </attributes>
    <categories>
      <category name="0">
        <attributes>
          <attribute name="label" valueType="text" locale="en">none</attribute>
        </attributes>
      </category>
      <category name="1">
        <attributes>
          <attribute name="label" valueType="text" locale="en">&lt;10 per day</attribute>
        </attributes>
      </category>
      <category name="2">
        <attributes>
          <attribute name="label" valueType="text" locale="en">&gt;= 10 per day</attribute>
        </attributes>
      </category>
    </categories>
  </variable>
  <variable name="smk_t1" valueType="integer" entityType="Participant" unit="numeric" mimeType="" referencedEntityType="" index="37">
    <attributes>
      <attribute name="label" valueType="text" locale="en">smoking 1st trimester</attribute>
    </attributes>
    <categories>
      <category name="0">
        <attributes>
          <attribute name="label" valueType="text" locale="en">no </attribute>
        </attributes>
      </category>
      <category name="1">
        <attributes>
          <attribute name="label" valueType="text" locale="en">yes </attribute>
        </attributes>
      </category>
    </categories>
  </variable>
  <variable name="smk_t2" valueType="integer" entityType="Participant" unit="numeric" mimeType="" referencedEntityType="" index="38">
    <attributes>
      <attribute name="label" valueType="text" locale="en">smoking 2nd trimester</attribute>
    </attributes>
    <categories>
      <category name="0">
        <attributes>
          <attribute name="label" valueType="text" locale="en">no </attribute>
        </attributes>
      </category>
      <category name="1">
        <attributes>
          <attribute name="label" valueType="text" locale="en">yes </attribute>
        </attributes>
      </category>
    </categories>
  </variable>
  <variable name="smk_t3" valueType="integer" entityType="Participant" unit="numeric" mimeType="" referencedEntityType="" index="39">
    <attributes>
      <attribute name="label" valueType="text" locale="en">smoking 3rd trimester</attribute>
    </attributes>
    <categories>
      <category name="0">
        <attributes>
          <attribute name="label" valueType="text" locale="en">no </attribute>
        </attributes>
      </category>
      <category name="1">
        <attributes>
          <attribute name="label" valueType="text" locale="en">yes </attribute>
        </attributes>
      </category>
    </categories>
  </variable>
  <variable name="preg_smk" valueType="integer" entityType="Participant" unit="numeric" mimeType="" referencedEntityType="" index="40">
    <attributes>
      <attribute name="label" valueType="text" locale="en">smoked pregnancy</attribute>
    </attributes>
    <categories>
      <category name="0">
        <attributes>
          <attribute name="label" valueType="text" locale="en">no</attribute>
        </attributes>
      </category>
      <category name="1">
        <attributes>
          <attribute name="label" valueType="text" locale="en">yes</attribute>
        </attributes>
      </category>
    </categories>
  </variable>
  <variable name="preg_cig" valueType="integer" entityType="Participant" unit="numeric" mimeType="" referencedEntityType="" index="41">
    <attributes>
      <attribute name="label" valueType="text" locale="en">cigarettes pregnancy</attribute>
    </attributes>
    <categories>
      <category name="0">
        <attributes>
          <attribute name="label" valueType="text" locale="en">none</attribute>
        </attributes>
      </category>
      <category name="1">
        <attributes>
          <attribute name="label" valueType="text" locale="en">&lt;10 per day</attribute>
        </attributes>
      </category>
      <category name="2">
        <attributes>
          <attribute name="label" valueType="text" locale="en">&gt;= 10 per day</attribute>
        </attributes>
      </category>
    </categories>
  </variable>
  <variable name="prepreg_alc" valueType="integer" entityType="Participant" unit="numeric" mimeType="" referencedEntityType="" index="42">
    <attributes>
      <attribute name="label" valueType="text" locale="en">maternal pre-pregnancy alcohol intake (any)</attribute>
    </attributes>
    <categories>
      <category name="0">
        <attributes>
          <attribute name="label" valueType="text" locale="en">no </attribute>
        </attributes>
      </category>
      <category name="1">
        <attributes>
          <attribute name="label" valueType="text" locale="en">yes </attribute>
        </attributes>
      </category>
    </categories>
  </variable>
  <variable name="prepreg_alc_unit" valueType="integer" entityType="Participant" unit="numeric" mimeType="" referencedEntityType="" index="43">
    <attributes>
      <attribute name="label" valueType="text" locale="en">maternal pre-pregnancy alcohol intake (units)</attribute>
    </attributes>
    <categories>
      <category name="0">
        <attributes>
          <attribute name="label" valueType="text" locale="en"> 0 (Never drinking alcohol)</attribute>
        </attributes>
      </category>
      <category name="1">
        <attributes>
          <attribute name="label" valueType="text" locale="en"> Light (&lt; 3 units per week)</attribute>
        </attributes>
      </category>
      <category name="2">
        <attributes>
          <attribute name="label" valueType="text" locale="en"> Moderate (&gt;=3 - &lt;7 units per week)</attribute>
        </attributes>
      </category>
      <category name="3">
        <attributes>
          <attribute name="label" valueType="text" locale="en"> Moderate to heavy (&gt;=7 - &lt;14 units per week)</attribute>
        </attributes>
      </category>
      <category name="4">
        <attributes>
          <attribute name="label" valueType="text" locale="en"> Heavy (&gt;=14 units per week)</attribute>
        </attributes>
      </category>
    </categories>
  </variable>
  <variable name="preg_alc" valueType="integer" entityType="Participant" unit="numeric" mimeType="" referencedEntityType="" index="44">
    <attributes>
      <attribute name="label" valueType="text" locale="en">maternal alcohol intake in pregnancy (any)</attribute>
    </attributes>
    <categories>
      <category name="0">
        <attributes>
          <attribute name="label" valueType="text" locale="en">no</attribute>
        </attributes>
      </category>
      <category name="1">
        <attributes>
          <attribute name="label" valueType="text" locale="en">yes</attribute>
        </attributes>
      </category>
    </categories>
  </variable>
  <variable name="preg_alc_unit" valueType="integer" entityType="Participant" unit="numeric" mimeType="" referencedEntityType="" index="45">
    <attributes>
      <attribute name="label" valueType="text" locale="en">maternal alcohol intake in pregnancy (units)</attribute>
    </attributes>
    <categories>
      <category name="0">
        <attributes>
          <attribute name="label" valueType="text" locale="en">none</attribute>
        </attributes>
      </category>
      <category name="1">
        <attributes>
          <attribute name="label" valueType="text" locale="en">&gt;0 and &lt;3units per week</attribute>
        </attributes>
      </category>
      <category name="2">
        <attributes>
          <attribute name="label" valueType="text" locale="en">&gt;=3 and &lt;7 units per week</attribute>
        </attributes>
      </category>
      <category name="3">
        <attributes>
          <attribute name="label" valueType="text" locale="en">&gt;=7 units per week</attribute>
        </attributes>
      </category>
    </categories>
  </variable>
  <variable name="alc_t1" valueType="integer" entityType="Participant" unit="numeric" mimeType="" referencedEntityType="" index="46">
    <attributes>
      <attribute name="label" valueType="text" locale="en">Any alcohol intake in 1. trimester</attribute>
    </attributes>
    <categories>
      <category name="0">
        <attributes>
          <attribute name="label" valueType="text" locale="en">no</attribute>
        </attributes>
      </category>
      <category name="1">
        <attributes>
          <attribute name="label" valueType="text" locale="en">yes</attribute>
        </attributes>
      </category>
    </categories>
  </variable>
  <variable name="alc_t2" valueType="integer" entityType="Participant" unit="numeric" mimeType="" referencedEntityType="" index="47">
    <attributes>
      <attribute name="label" valueType="text" locale="en">Any alcohol intake in 2. trimester</attribute>
    </attributes>
    <categories>
      <category name="0">
        <attributes>
          <attribute name="label" valueType="text" locale="en">no</attribute>
        </attributes>
      </category>
      <category name="1">
        <attributes>
          <attribute name="label" valueType="text" locale="en">yes</attribute>
        </attributes>
      </category>
    </categories>
  </variable>
  <variable name="alc_t3" valueType="integer" entityType="Participant" unit="numeric" mimeType="" referencedEntityType="" index="48">
    <attributes>
      <attribute name="label" valueType="text" locale="en">Any alcohol intake in 3. trimester</attribute>
    </attributes>
    <categories>
      <category name="0">
        <attributes>
          <attribute name="label" valueType="text" locale="en">no</attribute>
        </attributes>
      </category>
      <category name="1">
        <attributes>
          <attribute name="label" valueType="text" locale="en">yes</attribute>
        </attributes>
      </category>
    </categories>
  </variable>
  <variable name="folic_prepreg" valueType="integer" entityType="Participant" unit="numeric" mimeType="" referencedEntityType="" index="49">
    <attributes>
      <attribute name="label" valueType="text" locale="en">Folic acids before conception</attribute>
    </attributes>
    <categories>
      <category name="0">
        <attributes>
          <attribute name="label" valueType="text" locale="en">no</attribute>
        </attributes>
      </category>
      <category name="1">
        <attributes>
          <attribute name="label" valueType="text" locale="en">yes</attribute>
        </attributes>
      </category>
    </categories>
  </variable>
  <variable name="folic_preg12" valueType="integer" entityType="Participant" unit="numeric" mimeType="" referencedEntityType="" index="50">
    <attributes>
      <attribute name="label" valueType="text" locale="en">Folic acids 0-12 weeks</attribute>
    </attributes>
    <categories>
      <category name="0">
        <attributes>
          <attribute name="label" valueType="text" locale="en">no</attribute>
        </attributes>
      </category>
      <category name="1">
        <attributes>
          <attribute name="label" valueType="text" locale="en">yes</attribute>
        </attributes>
      </category>
    </categories>
  </variable>
  <variable name="folic_post12" valueType="integer" entityType="Participant" unit="numeric" mimeType="" referencedEntityType="" index="51">
    <attributes>
      <attribute name="label" valueType="text" locale="en">Folic acids &gt;12 weeks.</attribute>
    </attributes>
    <categories>
      <category name="0">
        <attributes>
          <attribute name="label" valueType="text" locale="en">no</attribute>
        </attributes>
      </category>
      <category name="1">
        <attributes>
          <attribute name="label" valueType="text" locale="en">yes</attribute>
        </attributes>
      </category>
    </categories>
  </variable>
  <variable name="parity_m" valueType="integer" entityType="Participant" unit="numeric" mimeType="" referencedEntityType="" index="52">
    <attributes>
      <attribute name="label" valueType="text" locale="en">Maternal parity</attribute>
    </attributes>
    <categories>
      <category name="0">
        <attributes>
          <attribute name="label" valueType="text" locale="en">0</attribute>
        </attributes>
      </category>
      <category name="1">
        <attributes>
          <attribute name="label" valueType="text" locale="en">1</attribute>
        </attributes>
      </category>
      <category name="2">
        <attributes>
          <attribute name="label" valueType="text" locale="en">2</attribute>
        </attributes>
      </category>
      <category name="3">
        <attributes>
          <attribute name="label" valueType="text" locale="en">3</attribute>
        </attributes>
      </category>
      <category name="4">
        <attributes>
          <attribute name="label" valueType="text" locale="en">=&gt;4</attribute>
        </attributes>
      </category>
    </categories>
  </variable>
  <variable name="preg_plan" valueType="integer" entityType="Participant" unit="numeric" mimeType="" referencedEntityType="" index="53">
    <attributes>
      <attribute name="label" valueType="text" locale="en">Planned pregnancy </attribute>
    </attributes>
    <categories>
      <category name="1">
        <attributes>
          <attribute name="label" valueType="text" locale="en"> Yes (Planned, partly planned)</attribute>
        </attributes>
      </category>
      <category name="2">
        <attributes>
          <attribute name="label" valueType="text" locale="en"> No (Not planned)</attribute>
        </attributes>
      </category>
    </categories>
  </variable>
  <variable name="art" valueType="integer" entityType="Participant" unit="numeric" mimeType="" referencedEntityType="" index="54">
    <attributes>
      <attribute name="label" valueType="text" locale="en">ART (Assisted reproductive treatment)</attribute>
    </attributes>
    <categories>
      <category name="0">
        <attributes>
          <attribute name="label" valueType="text" locale="en">no</attribute>
        </attributes>
      </category>
      <category name="1">
        <attributes>
          <attribute name="label" valueType="text" locale="en">yes</attribute>
        </attributes>
      </category>
    </categories>
  </variable>
  <variable name="ivf" valueType="integer" entityType="Participant" unit="numeric" mimeType="" referencedEntityType="" index="55">
    <attributes>
      <attribute name="label" valueType="text" locale="en">In vitro-fertilisation </attribute>
    </attributes>
    <categories>
      <category name="0">
        <attributes>
          <attribute name="label" valueType="text" locale="en">no</attribute>
        </attributes>
      </category>
      <category name="1">
        <attributes>
          <attribute name="label" valueType="text" locale="en">yes</attribute>
        </attributes>
      </category>
    </categories>
  </variable>
  <variable name="outcome" valueType="integer" entityType="Participant" unit="numeric" mimeType="" referencedEntityType="" index="56">
    <attributes>
      <attribute name="label" valueType="text" locale="en">birth outcome</attribute>
    </attributes>
    <categories>
      <category name="1">
        <attributes>
          <attribute name="label" valueType="text" locale="en">live-born</attribute>
        </attributes>
      </category>
      <category name="2">
        <attributes>
          <attribute name="label" valueType="text" locale="en">stillborn</attribute>
        </attributes>
      </category>
      <category name="3">
        <attributes>
          <attribute name="label" valueType="text" locale="en">spontaneous abortion</attribute>
        </attributes>
      </category>
      <category name="4">
        <attributes>
          <attribute name="label" valueType="text" locale="en">induced abortion</attribute>
        </attributes>
      </category>
      <category name="5">
        <attributes>
          <attribute name="label" valueType="text" locale="en">unspecified abortion</attribute>
        </attributes>
      </category>
      <category name="6">
        <attributes>
          <attribute name="label" valueType="text" locale="en">other </attribute>
        </attributes>
      </category>
    </categories>
  </variable>
  <variable name="mode_delivery" valueType="integer" entityType="Participant" unit="numeric" mimeType="" referencedEntityType="" index="57">
    <attributes>
      <attribute name="label" valueType="text" locale="en">Mode of delivery </attribute>
    </attributes>
    <categories>
      <category name="1">
        <attributes>
          <attribute name="label" valueType="text" locale="en"> Vaginal (normal)</attribute>
        </attributes>
      </category>
      <category name="2">
        <attributes>
          <attribute name="label" valueType="text" locale="en"> Forceps, vacuum </attribute>
        </attributes>
      </category>
      <category name="3">
        <attributes>
          <attribute name="label" valueType="text" locale="en"> Elective caesarean</attribute>
        </attributes>
      </category>
      <category name="4">
        <attributes>
          <attribute name="label" valueType="text" locale="en"> Emergency caesarean </attribute>
        </attributes>
      </category>
      <category name="5">
        <attributes>
          <attribute name="label" valueType="text" locale="en"> Caesarean unspecified </attribute>
        </attributes>
      </category>
    </categories>
  </variable>
  <variable name="plac_abrup" valueType="integer" entityType="Participant" unit="numeric" mimeType="" referencedEntityType="" index="58">
    <attributes>
      <attribute name="label" valueType="text" locale="en">Placental abruption at delivery </attribute>
    </attributes>
    <categories>
      <category name="0">
        <attributes>
          <attribute name="label" valueType="text" locale="en">no</attribute>
        </attributes>
      </category>
      <category name="1">
        <attributes>
          <attribute name="label" valueType="text" locale="en">yes</attribute>
        </attributes>
      </category>
    </categories>
  </variable>
  <variable name="cob_p" valueType="integer" entityType="Participant" unit="numeric" mimeType="" referencedEntityType="" index="59">
    <attributes>
      <attribute name="label" valueType="text" locale="en">Paternal country of birth</attribute>
    </attributes>
    <categories>
      <category name="0">
        <attributes>
          <attribute name="label" valueType="text" locale="en">Born in country of cohort </attribute>
        </attributes>
      </category>
      <category name="1">
        <attributes>
          <attribute name="label" valueType="text" locale="en">Born in EU country (outside cohort country)</attribute>
        </attributes>
      </category>
      <category name="2">
        <attributes>
          <attribute name="label" valueType="text" locale="en">Born in other country </attribute>
        </attributes>
      </category>
    </categories>
  </variable>
  <variable name="cob_p_fath" valueType="integer" entityType="Participant" unit="numeric" mimeType="" referencedEntityType="" index="60">
    <attributes>
      <attribute name="label" valueType="text" locale="en">Type of father, paternal country of birth</attribute>
    </attributes>
    <categories>
      <category name="1">
        <attributes>
          <attribute name="label" valueType="text" locale="en">Biological father</attribute>
        </attributes>
      </category>
      <category name="2">
        <attributes>
          <attribute name="label" valueType="text" locale="en">Social father</attribute>
        </attributes>
      </category>
      <category name="3">
        <attributes>
          <attribute name="label" valueType="text" locale="en">Social mother</attribute>
        </attributes>
      </category>
      <category name="4">
        <attributes>
          <attribute name="label" valueType="text" locale="en">Unknown</attribute>
        </attributes>
      </category>
    </categories>
  </variable>
  <variable name="ethn1_p" valueType="integer" entityType="Participant" unit="numeric" mimeType="" referencedEntityType="" index="61">
    <attributes>
      <attribute name="label" valueType="text" locale="en">paternal ethnicity (country of origin)</attribute>
    </attributes>
    <categories>
      <category name="1">
        <attributes>
          <attribute name="label" valueType="text" locale="en">western</attribute>
        </attributes>
      </category>
      <category name="2">
        <attributes>
          <attribute name="label" valueType="text" locale="en">non-western</attribute>
        </attributes>
      </category>
      <category name="3">
        <attributes>
          <attribute name="label" valueType="text" locale="en">mixed</attribute>
        </attributes>
      </category>
    </categories>
  </variable>
  <variable name="ethn2_p" valueType="integer" entityType="Participant" unit="numeric" mimeType="" referencedEntityType="" index="62">
    <attributes>
      <attribute name="label" valueType="text" locale="en">paternal ethnicity (colour)</attribute>
    </attributes>
    <categories>
      <category name="1">
        <attributes>
          <attribute name="label" valueType="text" locale="en">white (Caucasian)</attribute>
        </attributes>
      </category>
      <category name="2">
        <attributes>
          <attribute name="label" valueType="text" locale="en">non-white (non-Caucasian)</attribute>
        </attributes>
      </category>
      <category name="3">
        <attributes>
          <attribute name="label" valueType="text" locale="en">mixed</attribute>
        </attributes>
      </category>
    </categories>
  </variable>
  <variable name="ethn3_p" valueType="integer" entityType="Participant" unit="numeric" mimeType="" referencedEntityType="" index="63">
    <attributes>
      <attribute name="label" valueType="text" locale="en">paternal ethnicity (best estimate)</attribute>
    </attributes>
    <categories>
      <category name="1">
        <attributes>
          <attribute name="label" valueType="text" locale="en">western</attribute>
        </attributes>
      </category>
      <category name="2">
        <attributes>
          <attribute name="label" valueType="text" locale="en">non-western</attribute>
        </attributes>
      </category>
      <category name="3">
        <attributes>
          <attribute name="label" valueType="text" locale="en">mixed</attribute>
        </attributes>
      </category>
    </categories>
  </variable>
  <variable name="ethn_p_fath" valueType="integer" entityType="Participant" unit="numeric" mimeType="" referencedEntityType="" index="64">
    <attributes>
      <attribute name="label" valueType="text" locale="en">Type of father, paternal ethnicity</attribute>
    </attributes>
    <categories>
      <category name="1">
        <attributes>
          <attribute name="label" valueType="text" locale="en">Biological father</attribute>
        </attributes>
      </category>
      <category name="2">
        <attributes>
          <attribute name="label" valueType="text" locale="en">Social father</attribute>
        </attributes>
      </category>
      <category name="3">
        <attributes>
          <attribute name="label" valueType="text" locale="en">Social mother</attribute>
        </attributes>
      </category>
      <category name="4">
        <attributes>
          <attribute name="label" valueType="text" locale="en">Unknown</attribute>
        </attributes>
      </category>
    </categories>
  </variable>
  <variable name="agebirth_p_y" valueType="integer" entityType="Participant" unit="numeric" mimeType="" referencedEntityType="" index="65">
    <attributes>
      <attribute name="label" valueType="text" locale="en">paternal age at birth (years)</attribute>
    </attributes>
  </variable>
  <variable name="agebirth_p_d" valueType="integer" entityType="Participant" unit="days" mimeType="" referencedEntityType="" index="66">
    <attributes>
      <attribute name="label" valueType="text" locale="en">paternal age at birth (days)</attribute>
    </attributes>
  </variable>
  <variable name="agebirth_p_fath" valueType="integer" entityType="Participant" unit="numeric" mimeType="" referencedEntityType="" index="67">
    <attributes>
      <attribute name="label" valueType="text" locale="en">Type of father, paternal age at birth</attribute>
    </attributes>
  </variable>
  <variable name="death_p" valueType="integer" entityType="Participant" unit="numeric" mimeType="" referencedEntityType="" index="68">
    <attributes>
      <attribute name="label" valueType="text" locale="en">paternal death </attribute>
    </attributes>
    <categories>
      <category name="0">
        <attributes>
          <attribute name="label" valueType="text" locale="en">no </attribute>
        </attributes>
      </category>
      <category name="1">
        <attributes>
          <attribute name="label" valueType="text" locale="en">yes </attribute>
        </attributes>
      </category>
    </categories>
  </variable>
  <variable name="death_p_age" valueType="integer" entityType="Participant" unit="days" mimeType="" referencedEntityType="" index="69">
    <attributes>
      <attribute name="label" valueType="text" locale="en">age of child at death of the father</attribute>
    </attributes>
  </variable>
  <variable name="death_p_fath" valueType="integer" entityType="Participant" unit="numeric" mimeType="" referencedEntityType="" index="70">
    <attributes>
      <attribute name="label" valueType="text" locale="en">Type of father, paternal death</attribute>
    </attributes>
    <categories>
      <category name="1">
        <attributes>
          <attribute name="label" valueType="text" locale="en">Biological father</attribute>
        </attributes>
      </category>
      <category name="2">
        <attributes>
          <attribute name="label" valueType="text" locale="en">Social father</attribute>
        </attributes>
      </category>
      <category name="3">
        <attributes>
          <attribute name="label" valueType="text" locale="en">Social mother</attribute>
        </attributes>
      </category>
      <category name="4">
        <attributes>
          <attribute name="label" valueType="text" locale="en">Unknown</attribute>
        </attributes>
      </category>
    </categories>
  </variable>
  <variable name="weight_f1" valueType="decimal" entityType="Participant" unit="kg" mimeType="" referencedEntityType="" index="71">
    <attributes>
      <attribute name="label" valueType="text" locale="en">Paternal weight, primary father </attribute>
    </attributes>
  </variable>
  <variable name="weight_mes_f1" valueType="integer" entityType="Participant" unit="numeric" mimeType="" referencedEntityType="" index="72">
    <attributes>
      <attribute name="label" valueType="text" locale="en">Weight measurement, primary father</attribute>
    </attributes>
    <categories>
      <category name="0">
        <attributes>
          <attribute name="label" valueType="text" locale="en"> Self-reported </attribute>
        </attributes>
      </category>
      <category name="1">
        <attributes>
          <attribute name="label" valueType="text" locale="en"> Reported by others</attribute>
        </attributes>
      </category>
      <category name="2">
        <attributes>
          <attribute name="label" valueType="text" locale="en"> Measured </attribute>
        </attributes>
      </category>
    </categories>
  </variable>
  <variable name="weight_f1_fath" valueType="integer" entityType="Participant" unit="numeric" mimeType="" referencedEntityType="" index="73">
    <attributes>
      <attribute name="label" valueType="text" locale="en">Type of father, primary father&apos;s weight</attribute>
    </attributes>
    <categories>
      <category name="1">
        <attributes>
          <attribute name="label" valueType="text" locale="en">Biological father</attribute>
        </attributes>
      </category>
      <category name="2">
        <attributes>
          <attribute name="label" valueType="text" locale="en">Social father</attribute>
        </attributes>
      </category>
      <category name="3">
        <attributes>
          <attribute name="label" valueType="text" locale="en">Social mother</attribute>
        </attributes>
      </category>
      <category name="4">
        <attributes>
          <attribute name="label" valueType="text" locale="en">Unknown</attribute>
        </attributes>
      </category>
    </categories>
  </variable>
  <variable name="height_f1" valueType="decimal" entityType="Participant" unit="cm" mimeType="" referencedEntityType="" index="74">
    <attributes>
      <attribute name="label" valueType="text" locale="en">Paternal height, primary father </attribute>
    </attributes>
  </variable>
  <variable name="height_mes_f1" valueType="integer" entityType="Participant" unit="numeric" mimeType="" referencedEntityType="" index="75">
    <attributes>
      <attribute name="label" valueType="text" locale="en">Height measurement, primary father</attribute>
    </attributes>
    <categories>
      <category name="0">
        <attributes>
          <attribute name="label" valueType="text" locale="en"> Self-reported </attribute>
        </attributes>
      </category>
      <category name="1">
        <attributes>
          <attribute name="label" valueType="text" locale="en"> Reported by others</attribute>
        </attributes>
      </category>
      <category name="2">
        <attributes>
          <attribute name="label" valueType="text" locale="en"> Measured </attribute>
        </attributes>
      </category>
    </categories>
  </variable>
  <variable name="height_f1_fath" valueType="integer" entityType="Participant" unit="numeric" mimeType="" referencedEntityType="" index="76">
    <attributes>
      <attribute name="label" valueType="text" locale="en">Type of father, primary father&apos;s height</attribute>
    </attributes>
    <categories>
      <category name="1">
        <attributes>
          <attribute name="label" valueType="text" locale="en">Biological father</attribute>
        </attributes>
      </category>
      <category name="2">
        <attributes>
          <attribute name="label" valueType="text" locale="en">Social father</attribute>
        </attributes>
      </category>
      <category name="3">
        <attributes>
          <attribute name="label" valueType="text" locale="en">Social mother</attribute>
        </attributes>
      </category>
      <category name="4">
        <attributes>
          <attribute name="label" valueType="text" locale="en">Unknown</attribute>
        </attributes>
      </category>
    </categories>
  </variable>
  <variable name="dia_bf" valueType="integer" entityType="Participant" unit="numeric" mimeType="" referencedEntityType="" index="77">
    <attributes>
      <attribute name="label" valueType="text" locale="en">History of diabetes (biological father)</attribute>
    </attributes>
    <categories>
      <category name="1">
        <attributes>
          <attribute name="label" valueType="text" locale="en">No </attribute>
        </attributes>
      </category>
      <category name="2">
        <attributes>
          <attribute name="label" valueType="text" locale="en">Type I </attribute>
        </attributes>
      </category>
      <category name="3">
        <attributes>
          <attribute name="label" valueType="text" locale="en">Type II</attribute>
        </attributes>
      </category>
      <category name="4">
        <attributes>
          <attribute name="label" valueType="text" locale="en">Other/unspecified </attribute>
        </attributes>
      </category>
    </categories>
  </variable>
  <variable name="asthma_bf" valueType="integer" entityType="Participant" unit="numeric" mimeType="" referencedEntityType="" index="78">
    <attributes>
      <attribute name="label" valueType="text" locale="en">History of asthma (biological father)</attribute>
    </attributes>
    <categories>
      <category name="0">
        <attributes>
          <attribute name="label" valueType="text" locale="en">no </attribute>
        </attributes>
      </category>
      <category name="1">
        <attributes>
          <attribute name="label" valueType="text" locale="en">yes </attribute>
        </attributes>
      </category>
    </categories>
  </variable>
  <variable name="psych_bf" valueType="integer" entityType="Participant" unit="numeric" mimeType="" referencedEntityType="" index="79">
    <attributes>
      <attribute name="label" valueType="text" locale="en">History of psychiatric disorder (biological father)</attribute>
    </attributes>
    <categories>
      <category name="0">
        <attributes>
          <attribute name="label" valueType="text" locale="en">no </attribute>
        </attributes>
      </category>
      <category name="1">
        <attributes>
          <attribute name="label" valueType="text" locale="en">yes </attribute>
        </attributes>
      </category>
    </categories>
  </variable>
  <variable name="smk_p" valueType="integer" entityType="Participant" unit="numeric" mimeType="" referencedEntityType="" index="80">
    <attributes>
      <attribute name="label" valueType="text" locale="en">Paternal smoking during pregnancy (any)</attribute>
    </attributes>
    <categories>
      <category name="0">
        <attributes>
          <attribute name="label" valueType="text" locale="en">no </attribute>
        </attributes>
      </category>
      <category name="1">
        <attributes>
          <attribute name="label" valueType="text" locale="en">yes </attribute>
        </attributes>
      </category>
    </categories>
  </variable>
  <variable name="smk_cig_p" valueType="integer" entityType="Participant" unit="numeric" mimeType="" referencedEntityType="" index="81">
    <attributes>
      <attribute name="label" valueType="text" locale="en">Paternal smoking during pregnancy (cigarettes)</attribute>
    </attributes>
    <categories>
      <category name="0">
        <attributes>
          <attribute name="label" valueType="text" locale="en">None </attribute>
        </attributes>
      </category>
      <category name="1">
        <attributes>
          <attribute name="label" valueType="text" locale="en">&lt; 10 per day </attribute>
        </attributes>
      </category>
      <category name="2">
        <attributes>
          <attribute name="label" valueType="text" locale="en">&gt;=10 per day</attribute>
        </attributes>
      </category>
    </categories>
  </variable>
  <variable name="smk_fath" valueType="integer" entityType="Participant" unit="numeric" mimeType="" referencedEntityType="" index="82">
    <attributes>
      <attribute name="label" valueType="text" locale="en">Type of father, paternal smoking during pregnancy</attribute>
    </attributes>
    <categories>
      <category name="1">
        <attributes>
          <attribute name="label" valueType="text" locale="en">Biological father</attribute>
        </attributes>
      </category>
      <category name="2">
        <attributes>
          <attribute name="label" valueType="text" locale="en">Social father</attribute>
        </attributes>
      </category>
      <category name="3">
        <attributes>
          <attribute name="label" valueType="text" locale="en">Social mother</attribute>
        </attributes>
      </category>
      <category name="4">
        <attributes>
          <attribute name="label" valueType="text" locale="en">Unknown</attribute>
        </attributes>
      </category>
    </categories>
  </variable>
  <variable name="birth_month" valueType="integer" entityType="Participant" unit="numeric" mimeType="" referencedEntityType="" index="83">
    <attributes>
      <attribute name="label" valueType="text" locale="en">Birth month </attribute>
    </attributes>
  </variable>
  <variable name="birth_year" valueType="integer" entityType="Participant" unit="numeric" mimeType="" referencedEntityType="" index="84">
    <attributes>
      <attribute name="label" valueType="text" locale="en">Birth year</attribute>
    </attributes>
  </variable>
  <variable name="apgar" valueType="integer" entityType="Participant" unit="numeric" mimeType="" referencedEntityType="" index="85">
    <attributes>
      <attribute name="label" valueType="text" locale="en">Apgar score</attribute>
    </attributes>
  </variable>
  <variable name="neo_unit" valueType="integer" entityType="Participant" unit="numeric" mimeType="" referencedEntityType="" index="86">
    <attributes>
      <attribute name="label" valueType="text" locale="en">Transferred to neonatal unit </attribute>
    </attributes>
    <categories>
      <category name="0">
        <attributes>
          <attribute name="label" valueType="text" locale="en">no </attribute>
        </attributes>
      </category>
      <category name="1">
        <attributes>
          <attribute name="label" valueType="text" locale="en">yes </attribute>
        </attributes>
      </category>
    </categories>
  </variable>
  <variable name="sex" valueType="integer" entityType="Participant" unit="numeric" mimeType="" referencedEntityType="" index="87">
    <attributes>
      <attribute name="label" valueType="text" locale="en">sex of the child</attribute>
    </attributes>
    <categories>
      <category name="1">
        <attributes>
          <attribute name="label" valueType="text" locale="en">male</attribute>
        </attributes>
      </category>
      <category name="2">
        <attributes>
          <attribute name="label" valueType="text" locale="en">female</attribute>
        </attributes>
      </category>
    </categories>
  </variable>
  <variable name="plurality" valueType="integer" entityType="Participant" unit="numeric" mimeType="" referencedEntityType="" index="88">
    <attributes>
      <attribute name="label" valueType="text" locale="en">plurality</attribute>
    </attributes>
    <categories>
      <category name="1">
        <attributes>
          <attribute name="label" valueType="text" locale="en">single</attribute>
        </attributes>
      </category>
      <category name="2">
        <attributes>
          <attribute name="label" valueType="text" locale="en">twin</attribute>
        </attributes>
      </category>
      <category name="3">
        <attributes>
          <attribute name="label" valueType="text" locale="en">&gt;=triplets</attribute>
        </attributes>
      </category>
    </categories>
  </variable>
  <variable name="ga_lmp" valueType="integer" entityType="Participant" unit="days" mimeType="" referencedEntityType="" index="89">
    <attributes>
      <attribute name="label" valueType="text" locale="en">gestational age (lmp)</attribute>
    </attributes>
  </variable>
  <variable name="ga_us" valueType="integer" entityType="Participant" unit="days" mimeType="" referencedEntityType="" index="90">
    <attributes>
      <attribute name="label" valueType="text" locale="en">gestational age (ultra sound)</attribute>
    </attributes>
  </variable>
  <variable name="ga_mr" valueType="integer" entityType="Participant" unit="days" mimeType="" referencedEntityType="" index="91">
    <attributes>
      <attribute name="label" valueType="text" locale="en">gestational age (medical record)</attribute>
    </attributes>
  </variable>
  <variable name="ga_bj" valueType="integer" entityType="Participant" unit="days" mimeType="" referencedEntityType="" index="92">
    <attributes>
      <attribute name="label" valueType="text" locale="en">gestational age (best estimate)</attribute>
    </attributes>
  </variable>
  <variable name="birth_weight" valueType="decimal" entityType="Participant" unit="g" mimeType="" referencedEntityType="" index="93">
    <attributes>
      <attribute name="label" valueType="text" locale="en">birth weight</attribute>
    </attributes>
  </variable>
  <variable name="birth_length" valueType="decimal" entityType="Participant" unit="cm" mimeType="" referencedEntityType="" index="94">
    <attributes>
      <attribute name="label" valueType="text" locale="en">Birth length</attribute>
    </attributes>
  </variable>
  <variable name="birth_head_circum" valueType="decimal" entityType="Participant" unit="cm" mimeType="" referencedEntityType="" index="95">
    <attributes>
      <attribute name="label" valueType="text" locale="en">Birth head circumference</attribute>
    </attributes>
  </variable>
  <variable name="weight_who_ga" valueType="integer" entityType="Participant" unit="numeric" mimeType="" referencedEntityType="" index="96">
    <attributes>
      <attribute name="label" valueType="text" locale="en">weight for gestational age</attribute>
    </attributes>
    <categories>
      <category name="1">
        <attributes>
          <attribute name="label" valueType="text" locale="en">SGA</attribute>
        </attributes>
      </category>
      <category name="2">
        <attributes>
          <attribute name="label" valueType="text" locale="en">AGA</attribute>
        </attributes>
      </category>
      <category name="3">
        <attributes>
          <attribute name="label" valueType="text" locale="en">LGA</attribute>
        </attributes>
      </category>
    </categories>
  </variable>
  <variable name="plac_weight" valueType="decimal" entityType="Participant" unit="g" mimeType="" referencedEntityType="" index="97">
    <attributes>
      <attribute name="label" valueType="text" locale="en">Placenta weight </attribute>
    </attributes>
  </variable>
  <variable name="con_anomalies" valueType="integer" entityType="Participant" unit="numeric" mimeType="" referencedEntityType="" index="98">
    <attributes>
      <attribute name="label" valueType="text" locale="en">Any congenital anomaly </attribute>
    </attributes>
    <categories>
      <category name="0">
        <attributes>
          <attribute name="label" valueType="text" locale="en">no </attribute>
        </attributes>
      </category>
      <category name="1">
        <attributes>
          <attribute name="label" valueType="text" locale="en">yes </attribute>
        </attributes>
      </category>
    </categories>
  </variable>
  <variable name="major_con_anomalies" valueType="integer" entityType="Participant" unit="numeric" mimeType="" referencedEntityType="" index="99">
    <attributes>
      <attribute name="label" valueType="text" locale="en">Severe congenital anomaly </attribute>
    </attributes>
    <categories>
      <category name="0">
        <attributes>
          <attribute name="label" valueType="text" locale="en">no </attribute>
        </attributes>
      </category>
      <category name="1">
        <attributes>
          <attribute name="label" valueType="text" locale="en">yes </attribute>
        </attributes>
      </category>
    </categories>
  </variable>
  <variable name="cer_palsy" valueType="integer" entityType="Participant" unit="numeric" mimeType="" referencedEntityType="" index="100">
    <attributes>
      <attribute name="label" valueType="text" locale="en">Cerebral palsy </attribute>
    </attributes>
    <categories>
      <category name="0">
        <attributes>
          <attribute name="label" valueType="text" locale="en">no </attribute>
        </attributes>
      </category>
      <category name="1">
        <attributes>
          <attribute name="label" valueType="text" locale="en">yes </attribute>
        </attributes>
      </category>
    </categories>
  </variable>
  <variable name="sibling_pos" valueType="integer" entityType="Participant" unit="numeric" mimeType="" referencedEntityType="" index="101">
    <attributes>
      <attribute name="label" valueType="text" locale="en">Sibling position </attribute>
    </attributes>
    <categories>
      <category name="1">
        <attributes>
          <attribute name="label" valueType="text" locale="en">1</attribute>
        </attributes>
      </category>
      <category name="2">
        <attributes>
          <attribute name="label" valueType="text" locale="en">2</attribute>
        </attributes>
      </category>
      <category name="3">
        <attributes>
          <attribute name="label" valueType="text" locale="en">3</attribute>
        </attributes>
      </category>
      <category name="4">
        <attributes>
          <attribute name="label" valueType="text" locale="en">4</attribute>
        </attributes>
      </category>
      <category name="5">
        <attributes>
          <attribute name="label" valueType="text" locale="en">&gt;= 5</attribute>
        </attributes>
      </category>
    </categories>
  </variable>
  <variable name="death_child" valueType="integer" entityType="Participant" unit="numeric" mimeType="" referencedEntityType="" index="102">
    <attributes>
      <attribute name="label" valueType="text" locale="en">Death of child</attribute>
    </attributes>
    <categories>
      <category name="0">
        <attributes>
          <attribute name="label" valueType="text" locale="en">no </attribute>
        </attributes>
      </category>
      <category name="1">
        <attributes>
          <attribute name="label" valueType="text" locale="en">yes </attribute>
        </attributes>
      </category>
    </categories>
  </variable>
  <variable name="death_child_age" valueType="integer" entityType="Participant" unit="days" mimeType="" referencedEntityType="" index="103">
    <attributes>
      <attribute name="label" valueType="text" locale="en">Age of death of child</attribute>
    </attributes>
  </variable>
  <variable name="breastfed_excl" valueType="decimal" entityType="Participant" unit="months" mimeType="" referencedEntityType="" index="104">
    <attributes>
      <attribute name="label" valueType="text" locale="en">exclusive breastfeeding</attribute>
    </attributes>
  </variable>
  <variable name="breastfed_any" valueType="decimal" entityType="Participant" unit="months" mimeType="" referencedEntityType="" index="105">
    <attributes>
      <attribute name="label" valueType="text" locale="en">any breastfeeding</attribute>
    </attributes>
  </variable>
  <variable name="breastfed_ever" valueType="integer" entityType="Participant" unit="numeric" mimeType="" referencedEntityType="" index="106">
    <attributes>
      <attribute name="label" valueType="text" locale="en">ever breastfed</attribute>
    </attributes>
    <categories>
      <category name="0">
        <attributes>
          <attribute name="label" valueType="text" locale="en">never breastfed</attribute>
        </attributes>
      </category>
      <category name="1">
        <attributes>
          <attribute name="label" valueType="text" locale="en">breastfed</attribute>
        </attributes>
      </category>
    </categories>
  </variable>
  <variable name="solid_food" valueType="integer" entityType="Participant" unit="months" mimeType="" referencedEntityType="" index="107">
    <attributes>
      <attribute name="label" valueType="text" locale="en">age solid food introduced</attribute>
    </attributes>
  </variable>
  <variable name="childcare_intro" valueType="decimal" entityType="Participant" unit="months" mimeType="" referencedEntityType="" index="108">
    <attributes>
      <attribute name="label" valueType="text" locale="en">Age child started in child care</attribute>
    </attributes>
  </variable>
  <variable name="valid_from" valueType="date" entityType="Participant" unit="" mimeType="" referencedEntityType="" index="109">
    <attributes>
      <attribute name="label" valueType="text" locale="en">Valid from a certain data (for instance 01-01-2019)</attribute>
    </attributes>
  </variable>
  <variable name="valid_till" valueType="date" entityType="Participant" unit="" mimeType="" referencedEntityType="" index="110">
    <attributes>
      <attribute name="label" valueType="text" locale="en">Valid till a certain data (for instance 31-12-2019)</attribute>
    </attributes>
  </variable>
</variables>