<variables>
  <variable name="row_id" valueType="integer" entityType="Participant" unit="numeric" mimeType="" referencedEntityType="" index="1">
    <attributes>
      <attribute name="label" valueType="text" locale="en">row id</attribute>
    </attributes>
  </variable>
  <variable name="child_id" valueType="integer" entityType="Participant" unit="numeric" mimeType="" referencedEntityType="" index="2">
    <attributes>
      <attribute name="label" valueType="text" locale="en">child id</attribute>
    </attributes>
  </variable>
  <variable name="mother_id" valueType="integer" entityType="Participant" unit="numeric" mimeType="" referencedEntityType="" index="3">
    <attributes>
      <attribute name="label" valueType="text" locale="en">mother id</attribute>
    </attributes>
  </variable>
  <variable name="preg_no" valueType="integer" entityType="Participant" unit="numeric" mimeType="" referencedEntityType="" index="4">
    <attributes>
      <attribute name="label" valueType="text" locale="en">Within-mother pregnancy number </attribute>
    </attributes>
  </variable>
  <variable name="child_no" valueType="integer" entityType="Participant" unit="numeric" mimeType="" referencedEntityType="" index="5">
    <attributes>
      <attribute name="label" valueType="text" locale="en">Within-pregnancy birth order</attribute>
    </attributes>
  </variable>
  <variable name="cohort_id" valueType="integer" entityType="Participant" unit="numeric" mimeType="" referencedEntityType="" index="6">
    <attributes>
      <attribute name="label" valueType="text" locale="en">cohort id</attribute>
    </attributes>
    <categories>
      <category name="101">
        <attributes>
          <attribute name="label" valueType="text" locale="en">Gen R</attribute>
        </attributes>
      </category>
      <category name="102">
        <attributes>
          <attribute name="label" valueType="text" locale="en">INMA</attribute>
        </attributes>
      </category>
      <category name="103">
        <attributes>
          <attribute name="label" valueType="text" locale="en">NINFEA</attribute>
        </attributes>
      </category>
      <category name="104">
        <attributes>
          <attribute name="label" valueType="text" locale="en">SWS</attribute>
        </attributes>
      </category>
      <category name="105">
        <attributes>
          <attribute name="label" valueType="text" locale="en">ALSPAC</attribute>
        </attributes>
      </category>
      <category name="106">
        <attributes>
          <attribute name="label" valueType="text" locale="en">DNBC</attribute>
        </attributes>
      </category>
      <category name="107">
        <attributes>
          <attribute name="label" valueType="text" locale="en">BIB</attribute>
        </attributes>
      </category>
      <category name="108">
        <attributes>
          <attribute name="label" valueType="text" locale="en">GECKO</attribute>
        </attributes>
      </category>
      <category name="109">
        <attributes>
          <attribute name="label" valueType="text" locale="en">RHEA</attribute>
        </attributes>
      </category>
      <category name="110">
        <attributes>
          <attribute name="label" valueType="text" locale="en">MOBA</attribute>
        </attributes>
      </category>
      <category name="111">
        <attributes>
          <attribute name="label" valueType="text" locale="en">ELFE</attribute>
        </attributes>
      </category>
      <category name="112">
        <attributes>
          <attribute name="label" valueType="text" locale="en">EDEN</attribute>
        </attributes>
      </category>
      <category name="113">
        <attributes>
          <attribute name="label" valueType="text" locale="en">NFBC66</attribute>
        </attributes>
      </category>
      <category name="114">
        <attributes>
          <attribute name="label" valueType="text" locale="en">NFBC86</attribute>
        </attributes>
      </category>
      <category name="115">
        <attributes>
          <attribute name="label" valueType="text" locale="en">HBCS</attribute>
        </attributes>
      </category>
      <category name="116">
        <attributes>
          <attribute name="label" valueType="text" locale="en">CHOP</attribute>
        </attributes>
      </category>
      <category name="117">
        <attributes>
          <attribute name="label" valueType="text" locale="en">RAINE</attribute>
        </attributes>
      </category>
      <category name="118">
        <attributes>
          <attribute name="label" valueType="text" locale="en">RUG1</attribute>
        </attributes>
      </category>
      <category name="119">
        <attributes>
          <attribute name="label" valueType="text" locale="en">RUG2</attribute>
        </attributes>
      </category>
    </categories>
  </variable>
  <variable name="coh_country" valueType="integer" entityType="Participant" unit="numeric" mimeType="" referencedEntityType="" index="7">
    <attributes>
      <attribute name="label" valueType="text" locale="en">country id</attribute>
    </attributes>
  </variable>
  <variable name="age_years" valueType="integer" entityType="Participant" unit="numeric" mimeType="" referencedEntityType="" index="8">
    <attributes>
      <attribute name="label" valueType="text" locale="en">age of child in years</attribute>
    </attributes>
  </variable>
  <variable name="age_months" valueType="integer" entityType="Participant" unit="numeric" mimeType="" referencedEntityType="" index="9">
    <attributes>
      <attribute name="label" valueType="text" locale="en">age of child in months</attribute>
    </attributes>
  </variable>
  <variable name="height_" valueType="decimal" entityType="Participant" unit="cm" mimeType="" referencedEntityType="" index="10">
    <attributes>
      <attribute name="label" valueType="text" locale="en">height </attribute>
    </attributes>
  </variable>
  <variable name="height_age" valueType="integer" entityType="Participant" unit="days" mimeType="" referencedEntityType="" index="11">
    <attributes>
      <attribute name="label" valueType="text" locale="en">age at height measurement</attribute>
    </attributes>
  </variable>
  <variable name="weight_" valueType="decimal" entityType="Participant" unit="kg" mimeType="" referencedEntityType="" index="12">
    <attributes>
      <attribute name="label" valueType="text" locale="en">weight </attribute>
    </attributes>
  </variable>
  <variable name="weight_age" valueType="integer" entityType="Participant" unit="days" mimeType="" referencedEntityType="" index="13">
    <attributes>
      <attribute name="label" valueType="text" locale="en">age at weight measurement</attribute>
    </attributes>
  </variable>
</variables>