<variables>
  <variable name="row_id" valueType="integer" entityType="Participant" unit="numeric" mimeType="" referencedEntityType="" index="1">
    <attributes>
      <attribute name="label" valueType="text" locale="en">row id</attribute>
    </attributes>
  </variable>
  <variable name="child_id" valueType="integer" entityType="Participant" unit="numeric" mimeType="" referencedEntityType="" index="2">
    <attributes>
      <attribute name="label" valueType="text" locale="en">child id</attribute>
    </attributes>
  </variable>
  <variable name="age_years" valueType="integer" entityType="Participant" unit="numeric" mimeType="" referencedEntityType="" index="3">
    <attributes>
      <attribute name="label" valueType="text" locale="en">age of child in years</attribute>
    </attributes>
  </variable>
  <variable name="mother_id" valueType="integer" entityType="Participant" unit="numeric" mimeType="" referencedEntityType="" index="4">
    <attributes>
      <attribute name="label" valueType="text" locale="en">Mother identifier</attribute>
    </attributes>
  </variable>
  <variable name="preg_no" valueType="integer" entityType="Participant" unit="numeric" mimeType="" referencedEntityType="" index="5">
    <attributes>
      <attribute name="label" valueType="text" locale="en">Pregnancy number</attribute>
    </attributes>
  </variable>
  <variable name="child_no" valueType="integer" entityType="Participant" unit="numeric" mimeType="" referencedEntityType="" index="6">
    <attributes>
      <attribute name="label" valueType="text" locale="en">Child number</attribute>
    </attributes>
  </variable>
  <variable name="cohort_id" valueType="integer" entityType="Participant" unit="numeric" mimeType="" referencedEntityType="" index="7">
    <attributes>
      <attribute name="label" valueType="text" locale="en">cohort id</attribute>
    </attributes>
    <categories>
      <category name="101">
        <attributes>
          <attribute name="label" valueType="text" locale="en">Gen R</attribute>
        </attributes>
      </category>
      <category name="102">
        <attributes>
          <attribute name="label" valueType="text" locale="en">INMA</attribute>
        </attributes>
      </category>
      <category name="103">
        <attributes>
          <attribute name="label" valueType="text" locale="en">NINFEA</attribute>
        </attributes>
      </category>
      <category name="104">
        <attributes>
          <attribute name="label" valueType="text" locale="en">SWS</attribute>
        </attributes>
      </category>
      <category name="105">
        <attributes>
          <attribute name="label" valueType="text" locale="en">ALSPAC</attribute>
        </attributes>
      </category>
      <category name="106">
        <attributes>
          <attribute name="label" valueType="text" locale="en">DNBC</attribute>
        </attributes>
      </category>
      <category name="107">
        <attributes>
          <attribute name="label" valueType="text" locale="en">BIB</attribute>
        </attributes>
      </category>
      <category name="108">
        <attributes>
          <attribute name="label" valueType="text" locale="en">GECKO</attribute>
        </attributes>
      </category>
      <category name="109">
        <attributes>
          <attribute name="label" valueType="text" locale="en">RHEA</attribute>
        </attributes>
      </category>
      <category name="110">
        <attributes>
          <attribute name="label" valueType="text" locale="en">MOBA</attribute>
        </attributes>
      </category>
      <category name="111">
        <attributes>
          <attribute name="label" valueType="text" locale="en">ELFE</attribute>
        </attributes>
      </category>
      <category name="112">
        <attributes>
          <attribute name="label" valueType="text" locale="en">EDEN</attribute>
        </attributes>
      </category>
      <category name="113">
        <attributes>
          <attribute name="label" valueType="text" locale="en">NFBC66</attribute>
        </attributes>
      </category>
      <category name="114">
        <attributes>
          <attribute name="label" valueType="text" locale="en">NFBC86</attribute>
        </attributes>
      </category>
      <category name="115">
        <attributes>
          <attribute name="label" valueType="text" locale="en">HBCS</attribute>
        </attributes>
      </category>
      <category name="116">
        <attributes>
          <attribute name="label" valueType="text" locale="en">CHOP</attribute>
        </attributes>
      </category>
      <category name="117">
        <attributes>
          <attribute name="label" valueType="text" locale="en">RAINE</attribute>
        </attributes>
      </category>
      <category name="118">
        <attributes>
          <attribute name="label" valueType="text" locale="en">RUG</attribute>
        </attributes>
      </category>
    </categories>
  </variable>
  <variable name="coh_country" valueType="integer" entityType="Participant" unit="numeric" mimeType="" referencedEntityType="" index="8">
    <attributes>
      <attribute name="label" valueType="text" locale="en">country id</attribute>
    </attributes>
  </variable>
  <variable name="cohab_" valueType="integer" entityType="Participant" unit="numeric" mimeType="" referencedEntityType="" index="9">
    <attributes>
      <attribute name="label" valueType="text" locale="en">cohabitation status at birth</attribute>
    </attributes>
    <categories>
      <category name="1">
        <attributes>
          <attribute name="label" valueType="text" locale="en"> Yes, living as a couple</attribute>
        </attributes>
      </category>
      <category name="2">
        <attributes>
          <attribute name="label" valueType="text" locale="en"> No, not living as a couple</attribute>
        </attributes>
      </category>
    </categories>
  </variable>
  <variable name="occup_m_" valueType="integer" entityType="Participant" unit="numeric" mimeType="" referencedEntityType="" index="10">
    <attributes>
      <attribute name="label" valueType="text" locale="en">maternal occupational status at birth</attribute>
    </attributes>
    <categories>
      <category name="1">
        <attributes>
          <attribute name="label" valueType="text" locale="en"> Employed</attribute>
        </attributes>
      </category>
      <category name="2">
        <attributes>
          <attribute name="label" valueType="text" locale="en"> Self-employed </attribute>
        </attributes>
      </category>
      <category name="3">
        <attributes>
          <attribute name="label" valueType="text" locale="en"> Unemployed</attribute>
        </attributes>
      </category>
      <category name="4">
        <attributes>
          <attribute name="label" valueType="text" locale="en"> Student, apprentice, student</attribute>
        </attributes>
      </category>
      <category name="5">
        <attributes>
          <attribute name="label" valueType="text" locale="en"> Domestic tasks (housewife etc.)</attribute>
        </attributes>
      </category>
      <category name="6">
        <attributes>
          <attribute name="label" valueType="text" locale="en"> Inactive/other (Receiving benefits or pension etc.)</attribute>
        </attributes>
      </category>
    </categories>
  </variable>
  <variable name="occupcode_m_" valueType="integer" entityType="Participant" unit="numeric" mimeType="" referencedEntityType="" index="11">
    <attributes>
      <attribute name="label" valueType="text" locale="en">maternal occupational code at birth</attribute>
    </attributes>
    <categories>
      <category name="1">
        <attributes>
          <attribute name="label" valueType="text" locale="en"> Legislators, senior officials, managers </attribute>
        </attributes>
      </category>
      <category name="2">
        <attributes>
          <attribute name="label" valueType="text" locale="en"> Professionals</attribute>
        </attributes>
      </category>
      <category name="3">
        <attributes>
          <attribute name="label" valueType="text" locale="en"> Technicians and associate professionals</attribute>
        </attributes>
      </category>
      <category name="4">
        <attributes>
          <attribute name="label" valueType="text" locale="en"> Clerks</attribute>
        </attributes>
      </category>
      <category name="5">
        <attributes>
          <attribute name="label" valueType="text" locale="en"> Service workers, and shop and market sales workers</attribute>
        </attributes>
      </category>
      <category name="6">
        <attributes>
          <attribute name="label" valueType="text" locale="en"> Skilled agricultural, and fishery workers</attribute>
        </attributes>
      </category>
      <category name="7">
        <attributes>
          <attribute name="label" valueType="text" locale="en"> Craft and related trades workers</attribute>
        </attributes>
      </category>
      <category name="8">
        <attributes>
          <attribute name="label" valueType="text" locale="en"> Plant and machine operators, and assemblers</attribute>
        </attributes>
      </category>
      <category name="9">
        <attributes>
          <attribute name="label" valueType="text" locale="en"> Elementary occupations</attribute>
        </attributes>
      </category>
      <category name="0">
        <attributes>
          <attribute name="label" valueType="text" locale="en"> Armed forces occupations</attribute>
        </attributes>
      </category>
    </categories>
  </variable>
  <variable name="edu_m_" valueType="integer" entityType="Participant" unit="numeric" mimeType="" referencedEntityType="" index="12">
    <attributes>
      <attribute name="label" valueType="text" locale="en">maternal eduction at birth</attribute>
    </attributes>
    <categories>
      <category name="1">
        <attributes>
          <attribute name="label" valueType="text" locale="en">high</attribute>
        </attributes>
      </category>
      <category name="2">
        <attributes>
          <attribute name="label" valueType="text" locale="en">medium</attribute>
        </attributes>
      </category>
      <category name="3">
        <attributes>
          <attribute name="label" valueType="text" locale="en">low</attribute>
        </attributes>
      </category>
    </categories>
  </variable>
  <variable name="occup_f1_" valueType="integer" entityType="Participant" unit="numeric" mimeType="" referencedEntityType="" index="13">
    <attributes>
      <attribute name="label" valueType="text" locale="en">Paternal occupational status at birth, primary father </attribute>
    </attributes>
    <categories>
      <category name="1">
        <attributes>
          <attribute name="label" valueType="text" locale="en">Employed</attribute>
        </attributes>
      </category>
      <category name="2">
        <attributes>
          <attribute name="label" valueType="text" locale="en">Self-employed </attribute>
        </attributes>
      </category>
      <category name="3">
        <attributes>
          <attribute name="label" valueType="text" locale="en">Unemployed</attribute>
        </attributes>
      </category>
      <category name="4">
        <attributes>
          <attribute name="label" valueType="text" locale="en">Student, apprentice, student</attribute>
        </attributes>
      </category>
      <category name="5">
        <attributes>
          <attribute name="label" valueType="text" locale="en">Domestic tasks (housewife etc.)</attribute>
        </attributes>
      </category>
      <category name="6">
        <attributes>
          <attribute name="label" valueType="text" locale="en">Inactive/other (receiving benefits or pension etc.)</attribute>
        </attributes>
      </category>
    </categories>
  </variable>
  <variable name="occup_f1_fath" valueType="integer" entityType="Participant" unit="numeric" mimeType="" referencedEntityType="" index="14">
    <attributes>
      <attribute name="label" valueType="text" locale="en">Father type, occup_f1_0</attribute>
    </attributes>
    <categories>
      <category name="1">
        <attributes>
          <attribute name="label" valueType="text" locale="en">Biological father</attribute>
        </attributes>
      </category>
      <category name="2">
        <attributes>
          <attribute name="label" valueType="text" locale="en">Social father</attribute>
        </attributes>
      </category>
      <category name="3">
        <attributes>
          <attribute name="label" valueType="text" locale="en">Social mother</attribute>
        </attributes>
      </category>
      <category name="4">
        <attributes>
          <attribute name="label" valueType="text" locale="en">Unknown</attribute>
        </attributes>
      </category>
    </categories>
  </variable>
  <variable name="occup_f2_" valueType="integer" entityType="Participant" unit="numeric" mimeType="" referencedEntityType="" index="15">
    <attributes>
      <attribute name="label" valueType="text" locale="en">Paternal occupational status at birth, secondary father </attribute>
    </attributes>
    <categories>
      <category name="1">
        <attributes>
          <attribute name="label" valueType="text" locale="en">Employed</attribute>
        </attributes>
      </category>
      <category name="2">
        <attributes>
          <attribute name="label" valueType="text" locale="en">Self-employed </attribute>
        </attributes>
      </category>
      <category name="3">
        <attributes>
          <attribute name="label" valueType="text" locale="en">Unemployed</attribute>
        </attributes>
      </category>
      <category name="4">
        <attributes>
          <attribute name="label" valueType="text" locale="en">Student, apprentice, student</attribute>
        </attributes>
      </category>
      <category name="5">
        <attributes>
          <attribute name="label" valueType="text" locale="en">Domestic tasks (housewife etc.)</attribute>
        </attributes>
      </category>
      <category name="6">
        <attributes>
          <attribute name="label" valueType="text" locale="en">Inactive/other (receiving benefits or pension etc.)</attribute>
        </attributes>
      </category>
    </categories>
  </variable>
  <variable name="occup_f2_fath" valueType="integer" entityType="Participant" unit="numeric" mimeType="" referencedEntityType="" index="16">
    <attributes>
      <attribute name="label" valueType="text" locale="en">Father type, occup_f2_0</attribute>
    </attributes>
    <categories>
      <category name="1">
        <attributes>
          <attribute name="label" valueType="text" locale="en">Biological father</attribute>
        </attributes>
      </category>
      <category name="2">
        <attributes>
          <attribute name="label" valueType="text" locale="en">Social father</attribute>
        </attributes>
      </category>
      <category name="3">
        <attributes>
          <attribute name="label" valueType="text" locale="en">Social mother</attribute>
        </attributes>
      </category>
      <category name="4">
        <attributes>
          <attribute name="label" valueType="text" locale="en">Unknown</attribute>
        </attributes>
      </category>
    </categories>
  </variable>
  <variable name="occupcode_f1_" valueType="integer" entityType="Participant" unit="numeric" mimeType="" referencedEntityType="" index="17">
    <attributes>
      <attribute name="label" valueType="text" locale="en">Primary father&apos;s occupational code at birth</attribute>
    </attributes>
    <categories>
      <category name="1">
        <attributes>
          <attribute name="label" valueType="text" locale="en"> Legislators, senior officials, managers </attribute>
        </attributes>
      </category>
      <category name="2">
        <attributes>
          <attribute name="label" valueType="text" locale="en"> Professionals</attribute>
        </attributes>
      </category>
      <category name="3">
        <attributes>
          <attribute name="label" valueType="text" locale="en"> Technicians and associate professionals</attribute>
        </attributes>
      </category>
      <category name="4">
        <attributes>
          <attribute name="label" valueType="text" locale="en"> Clerks</attribute>
        </attributes>
      </category>
      <category name="5">
        <attributes>
          <attribute name="label" valueType="text" locale="en"> Service workers, and shop and market sales workers</attribute>
        </attributes>
      </category>
      <category name="6">
        <attributes>
          <attribute name="label" valueType="text" locale="en"> Skilled agricultural, and fishery workers</attribute>
        </attributes>
      </category>
      <category name="7">
        <attributes>
          <attribute name="label" valueType="text" locale="en"> Craft and related trades workers</attribute>
        </attributes>
      </category>
      <category name="8">
        <attributes>
          <attribute name="label" valueType="text" locale="en"> Plant and machine operators, and assemblers</attribute>
        </attributes>
      </category>
      <category name="9">
        <attributes>
          <attribute name="label" valueType="text" locale="en"> Elementary occupations</attribute>
        </attributes>
      </category>
      <category name="0">
        <attributes>
          <attribute name="label" valueType="text" locale="en"> Armed forces occupations</attribute>
        </attributes>
      </category>
    </categories>
  </variable>
  <variable name="occupcode_f1_fath" valueType="integer" entityType="Participant" unit="numeric" mimeType="" referencedEntityType="" index="18">
    <attributes>
      <attribute name="label" valueType="text" locale="en">Father type, occupcode_f1_0</attribute>
    </attributes>
    <categories>
      <category name="1">
        <attributes>
          <attribute name="label" valueType="text" locale="en">Biological father</attribute>
        </attributes>
      </category>
      <category name="2">
        <attributes>
          <attribute name="label" valueType="text" locale="en">Social father</attribute>
        </attributes>
      </category>
      <category name="3">
        <attributes>
          <attribute name="label" valueType="text" locale="en">Social mother</attribute>
        </attributes>
      </category>
      <category name="4">
        <attributes>
          <attribute name="label" valueType="text" locale="en">Unknown</attribute>
        </attributes>
      </category>
    </categories>
  </variable>
  <variable name="occupcode_f2_" valueType="integer" entityType="Participant" unit="numeric" mimeType="" referencedEntityType="" index="19">
    <attributes>
      <attribute name="label" valueType="text" locale="en">Secondary father&apos;s occupational code at birth</attribute>
    </attributes>
    <categories>
      <category name="1">
        <attributes>
          <attribute name="label" valueType="text" locale="en"> Legislators, senior officials, managers </attribute>
        </attributes>
      </category>
      <category name="2">
        <attributes>
          <attribute name="label" valueType="text" locale="en"> Professionals</attribute>
        </attributes>
      </category>
      <category name="3">
        <attributes>
          <attribute name="label" valueType="text" locale="en"> Technicians and associate professionals</attribute>
        </attributes>
      </category>
      <category name="4">
        <attributes>
          <attribute name="label" valueType="text" locale="en"> Clerks</attribute>
        </attributes>
      </category>
      <category name="5">
        <attributes>
          <attribute name="label" valueType="text" locale="en"> Service workers, and shop and market sales workers</attribute>
        </attributes>
      </category>
      <category name="6">
        <attributes>
          <attribute name="label" valueType="text" locale="en"> Skilled agricultural, and fishery workers</attribute>
        </attributes>
      </category>
      <category name="7">
        <attributes>
          <attribute name="label" valueType="text" locale="en"> Craft and related trades workers</attribute>
        </attributes>
      </category>
      <category name="8">
        <attributes>
          <attribute name="label" valueType="text" locale="en"> Plant and machine operators, and assemblers</attribute>
        </attributes>
      </category>
      <category name="9">
        <attributes>
          <attribute name="label" valueType="text" locale="en"> Elementary occupations</attribute>
        </attributes>
      </category>
      <category name="0">
        <attributes>
          <attribute name="label" valueType="text" locale="en"> Armed forces occupations</attribute>
        </attributes>
      </category>
    </categories>
  </variable>
  <variable name="occupcode_f2_fath" valueType="integer" entityType="Participant" unit="numeric" mimeType="" referencedEntityType="" index="20">
    <attributes>
      <attribute name="label" valueType="text" locale="en">Father type, occupcode_f2_0</attribute>
    </attributes>
    <categories>
      <category name="1">
        <attributes>
          <attribute name="label" valueType="text" locale="en">Biological father</attribute>
        </attributes>
      </category>
      <category name="2">
        <attributes>
          <attribute name="label" valueType="text" locale="en">Social father</attribute>
        </attributes>
      </category>
      <category name="3">
        <attributes>
          <attribute name="label" valueType="text" locale="en">Social mother</attribute>
        </attributes>
      </category>
      <category name="4">
        <attributes>
          <attribute name="label" valueType="text" locale="en">Unknown</attribute>
        </attributes>
      </category>
    </categories>
  </variable>
  <variable name="edu_f1_" valueType="integer" entityType="Participant" unit="numeric" mimeType="" referencedEntityType="" index="21">
    <attributes>
      <attribute name="label" valueType="text" locale="en">Primary father figure&apos;s education level at birth</attribute>
    </attributes>
    <categories>
      <category name="1">
        <attributes>
          <attribute name="label" valueType="text" locale="en">high</attribute>
        </attributes>
      </category>
      <category name="2">
        <attributes>
          <attribute name="label" valueType="text" locale="en">medium</attribute>
        </attributes>
      </category>
      <category name="3">
        <attributes>
          <attribute name="label" valueType="text" locale="en">low</attribute>
        </attributes>
      </category>
    </categories>
  </variable>
  <variable name="edu_f1_fath" valueType="integer" entityType="Participant" unit="numeric" mimeType="" referencedEntityType="" index="22">
    <attributes>
      <attribute name="label" valueType="text" locale="en">Type of father, edu_f1_0</attribute>
    </attributes>
    <categories>
      <category name="1">
        <attributes>
          <attribute name="label" valueType="text" locale="en">Biological father</attribute>
        </attributes>
      </category>
      <category name="2">
        <attributes>
          <attribute name="label" valueType="text" locale="en">Social father</attribute>
        </attributes>
      </category>
      <category name="3">
        <attributes>
          <attribute name="label" valueType="text" locale="en">Social mother</attribute>
        </attributes>
      </category>
      <category name="4">
        <attributes>
          <attribute name="label" valueType="text" locale="en">Unknown</attribute>
        </attributes>
      </category>
    </categories>
  </variable>
  <variable name="edu_f2_" valueType="integer" entityType="Participant" unit="numeric" mimeType="" referencedEntityType="" index="23">
    <attributes>
      <attribute name="label" valueType="text" locale="en">Secondary father figure&apos;s education level at birth</attribute>
    </attributes>
    <categories>
      <category name="1">
        <attributes>
          <attribute name="label" valueType="text" locale="en">high</attribute>
        </attributes>
      </category>
      <category name="2">
        <attributes>
          <attribute name="label" valueType="text" locale="en">medium</attribute>
        </attributes>
      </category>
      <category name="3">
        <attributes>
          <attribute name="label" valueType="text" locale="en">low</attribute>
        </attributes>
      </category>
    </categories>
  </variable>
  <variable name="edu_f2_fath" valueType="integer" entityType="Participant" unit="numeric" mimeType="" referencedEntityType="" index="24">
    <attributes>
      <attribute name="label" valueType="text" locale="en">Type of father, edu_f2_0</attribute>
    </attributes>
    <categories>
      <category name="1">
        <attributes>
          <attribute name="label" valueType="text" locale="en">Biological father</attribute>
        </attributes>
      </category>
      <category name="2">
        <attributes>
          <attribute name="label" valueType="text" locale="en">Social father</attribute>
        </attributes>
      </category>
      <category name="3">
        <attributes>
          <attribute name="label" valueType="text" locale="en">Social mother</attribute>
        </attributes>
      </category>
      <category name="4">
        <attributes>
          <attribute name="label" valueType="text" locale="en">Unknown</attribute>
        </attributes>
      </category>
    </categories>
  </variable>
  <variable name="childcare_" valueType="integer" entityType="Participant" unit="numeric" mimeType="" referencedEntityType="" index="25">
    <attributes>
      <attribute name="label" valueType="text" locale="en">Child cared for by care givers other than parents (age &gt;=0 and &lt;1 year)
</attribute>
    </attributes>
  </variable>
  <variable name="childcarerel_" valueType="integer" entityType="Participant" unit="numeric" mimeType="" referencedEntityType="" index="26">
    <attributes>
      <attribute name="label" valueType="text" locale="en">Child cared for by relatives/friends/nanny/babysitter/au pair (age &gt;=0 and &lt;1 year)</attribute>
    </attributes>
  </variable>
  <variable name="childcareprof_" valueType="integer" entityType="Participant" unit="numeric" mimeType="" referencedEntityType="" index="27">
    <attributes>
      <attribute name="label" valueType="text" locale="en">Child cared for by a child care professional (age &gt;=0 and &lt;1 year)</attribute>
    </attributes>
  </variable>
  <variable name="childcarecentre_" valueType="integer" entityType="Participant" unit="numeric" mimeType="" referencedEntityType="" index="28">
    <attributes>
      <attribute name="label" valueType="text" locale="en">Child attending a day care centre (age &gt;=0 and &lt;1 year)</attribute>
    </attributes>
  </variable>
  <variable name="smk_exp" valueType="integer" entityType="Participant" unit="numeric" mimeType="" referencedEntityType="" index="29">
    <attributes>
      <attribute name="label" valueType="text" locale="en">exposure to passive smoke, age 0 years</attribute>
    </attributes>
  </variable>
  <variable name="pets_" valueType="integer" entityType="Participant" unit="numeric" mimeType="" referencedEntityType="" index="30">
    <attributes>
      <attribute name="label" valueType="text" locale="en">Furry pet ownership at birth</attribute>
    </attributes>
  </variable>
  <variable name="mental_exp" valueType="integer" entityType="Participant" unit="numeric" mimeType="" referencedEntityType="" index="31">
    <attributes>
      <attribute name="label" valueType="text" locale="en">Mental disorder exposure at birth</attribute>
    </attributes>
  </variable>
  <variable name="hhincome_" valueType="integer" entityType="Participant" unit="numeric" mimeType="" referencedEntityType="" index="32">
    <attributes>
      <attribute name="label" valueType="text" locale="en">Total yearly income of the household at birth</attribute>
    </attributes>
  </variable>
  <variable name="fam_splitup" valueType="integer" entityType="Participant" unit="numeric" mimeType="" referencedEntityType="" index="33">
    <attributes>
      <attribute name="label" valueType="text" locale="en">Parent split up at birth</attribute>
    </attributes>
  </variable>
  <variable name="famsize_child" valueType="integer" entityType="Participant" unit="numeric" mimeType="" referencedEntityType="" index="34">
    <attributes>
      <attribute name="label" valueType="text" locale="en">Family size at birth, children </attribute>
    </attributes>
  </variable>
  <variable name="famsize_adult" valueType="integer" entityType="Participant" unit="numeric" mimeType="" referencedEntityType="" index="35">
    <attributes>
      <attribute name="label" valueType="text" locale="en">Family size at birth, adults </attribute>
    </attributes>
  </variable>
  <variable name="valid_from" valueType="date" entityType="Participant" unit="" mimeType="" referencedEntityType="" index="36">
    <attributes>
      <attribute name="label" valueType="text" locale="en">Valid from a certain data (for instance 01-01-2019)</attribute>
    </attributes>
  </variable>
  <variable name="valid_till" valueType="date" entityType="Participant" unit="" mimeType="" referencedEntityType="" index="37">
    <attributes>
      <attribute name="label" valueType="text" locale="en">Valid till a certain data (for instance 31-12-2019)</attribute>
    </attributes>
  </variable>
</variables>